ID_Cliente,Evento,Tiempo,Tiempo_Desde_Ultima_Llegada,Tama√±o_Cola,Cajeros_Ocupados,Tiempo_Inicio_Servicio,Tiempo_Fin_Servicio,Tiempo_En_Cola,Tiempo_En_Servicio,Tiempo_Total
1,Llegada,0.56,0.56,0,0,,,,,
1,InicioServicio,0.56,,,0,1,,,,,
2,Llegada,3.34,2.78,0,1,,,,,
2,InicioServicio,3.34,,,0,2,,,,,
3,Llegada,3.77,0.43,0,2,,,,,
3,InicioServicio,3.77,,,0,3,,,,,
4,Llegada,4.32,0.55,0,3,,,,,
4,InicioServicio,4.32,,,0,4,,,,,
4,FinServicio,4.54,,,0,4,4.32,4.54,0.00,0.23,0.23
3,FinServicio,4.64,,,0,3,3.77,4.64,0.00,0.87,0.87
5,Llegada,5.22,0.58,0,2,,,,,
5,InicioServicio,5.22,,,0,3,,,,,
6,Llegada,6.01,0.79,0,3,,,,,
6,InicioServicio,6.01,,,0,4,,,,,
7,Llegada,6.27,0.26,0,4,,,,,
7,InicioServicio,6.27,,,0,5,,,,,
8,Llegada,6.76,0.49,0,5,,,,,
9,Llegada,7.14,0.38,1,5,,,,,
10,Llegada,8.45,1.31,2,5,,,,,
11,Llegada,9.09,0.64,3,5,,,,,
12,Llegada,9.81,0.72,4,5,,,,,
13,Llegada,9.96,0.15,5,5,,,,,
2,FinServicio,10.57,,,6,5,3.34,10.57,0.00,7.23,7.23
8,InicioServicio,10.57,,,5,5,,,,,
5,FinServicio,11.82,,,5,5,5.22,11.82,0.00,6.60,6.60
9,InicioServicio,11.82,,,4,5,,,,,
9,FinServicio,12.95,,,4,5,11.82,12.95,4.68,1.13,5.81
10,InicioServicio,12.95,,,3,5,,,,,
6,FinServicio,13.04,,,3,5,6.01,13.04,0.00,7.03,7.03
11,InicioServicio,13.04,,,2,5,,,,,
1,FinServicio,13.96,,,2,5,0.56,13.96,0.00,13.40,13.40
12,InicioServicio,13.96,,,1,5,,,,,
7,FinServicio,14.16,,,1,5,6.27,14.16,0.00,7.89,7.89
13,InicioServicio,14.16,,,0,5,,,,,
11,FinServicio,14.65,,,0,5,13.04,14.65,3.96,1.61,5.57
13,FinServicio,14.92,,,0,4,14.16,14.92,4.20,0.76,4.96
10,FinServicio,16.47,,,0,3,12.95,16.47,4.50,3.51,8.02
8,FinServicio,18.63,,,0,2,10.57,18.63,3.80,8.06,11.87
14,Llegada,18.78,0.15,0,1,,,,,
14,InicioServicio,18.78,,,0,2,,,,,
15,Llegada,18.88,0.10,0,2,,,,,
15,InicioServicio,18.88,,,0,3,,,,,
15,FinServicio,19.04,,,0,3,18.88,19.04,0.00,0.16,0.16
14,FinServicio,20.11,,,0,2,18.78,20.11,0.00,1.33,1.33
12,FinServicio,20.70,,,0,1,13.96,20.70,4.15,6.74,10.89
16,Llegada,22.04,1.34,0,0,,,,,
16,InicioServicio,22.04,,,0,1,,,,,
17,Llegada,24.02,1.98,0,1,,,,,
17,InicioServicio,24.02,,,0,2,,,,,
18,Llegada,24.11,0.10,0,2,,,,,
18,InicioServicio,24.11,,,0,3,,,,,
17,FinServicio,25.04,,,0,3,24.02,25.04,0.00,1.03,1.03
18,FinServicio,26.22,,,0,2,24.11,26.22,0.00,2.10,2.10
19,Llegada,26.33,0.11,0,1,,,,,
19,InicioServicio,26.33,,,0,2,,,,,
19,FinServicio,26.72,,,0,2,26.33,26.72,0.00,0.39,0.39
16,FinServicio,27.99,,,0,1,22.04,27.99,0.00,5.95,5.95
20,Llegada,29.20,1.21,0,0,,,,,
20,InicioServicio,29.20,,,0,1,,,,,
21,Llegada,29.38,0.18,0,1,,,,,
21,InicioServicio,29.38,,,0,2,,,,,
22,Llegada,30.27,0.89,0,2,,,,,
22,InicioServicio,30.27,,,0,3,,,,,
23,Llegada,30.47,0.19,0,3,,,,,
23,InicioServicio,30.47,,,0,4,,,,,
24,Llegada,30.56,0.10,0,4,,,,,
24,InicioServicio,30.56,,,0,5,,,,,
25,Llegada,30.92,0.35,0,5,,,,,
26,Llegada,31.35,0.44,1,5,,,,,
24,FinServicio,31.80,,,2,5,30.56,31.80,0.00,1.24,1.24
25,InicioServicio,31.80,,,1,5,,,,,
27,Llegada,32.18,0.38,1,5,,,,,
21,FinServicio,32.80,,,2,5,29.38,32.80,0.00,3.42,3.42
26,InicioServicio,32.80,,,1,5,,,,,
28,Llegada,33.08,0.28,1,5,,,,,
29,Llegada,35.26,2.18,2,5,,,,,
30,Llegada,35.58,0.32,3,5,,,,,
23,FinServicio,35.66,,,4,5,30.47,35.66,0.00,5.20,5.20
27,InicioServicio,35.66,,,3,5,,,,,
27,FinServicio,35.71,,,3,5,35.66,35.71,3.49,0.05,3.54
28,InicioServicio,35.71,,,2,5,,,,,
20,FinServicio,35.72,,,2,5,29.20,35.72,0.00,6.52,6.52
29,InicioServicio,35.72,,,1,5,,,,,
31,Llegada,35.96,0.24,1,5,,,,,
32,Llegada,36.54,0.57,2,5,,,,,
33,Llegada,37.08,0.55,3,5,,,,,
26,FinServicio,38.03,,,4,5,32.80,38.03,1.45,5.23,6.67
30,InicioServicio,38.03,,,3,5,,,,,
34,Llegada,38.35,0.33,3,5,,,,,
35,Llegada,39.33,0.97,4,5,,,,,
30,FinServicio,39.51,,,5,5,38.03,39.51,2.45,1.48,3.93
31,InicioServicio,39.51,,,4,5,,,,,
31,FinServicio,40.36,,,4,5,39.51,40.36,3.55,0.84,4.39
32,InicioServicio,40.36,,,3,5,,,,,
36,Llegada,40.44,0.09,3,5,,,,,
22,FinServicio,41.05,,,4,5,30.27,41.05,0.00,10.78,10.78
33,InicioServicio,41.05,,,3,5,,,,,
37,Llegada,42.36,1.31,3,5,,,,,
38,Llegada,42.85,0.49,4,5,,,,,
39,Llegada,42.87,0.02,5,5,,,,,
40,Llegada,43.12,0.25,6,5,,,,,
29,FinServicio,43.16,,,7,5,35.72,43.16,0.46,7.44,7.89
34,InicioServicio,43.16,,,6,5,,,,,
25,FinServicio,43.33,,,6,5,31.80,43.33,0.88,11.53,12.41
35,InicioServicio,43.33,,,5,5,,,,,
41,Llegada,44.33,1.00,5,5,,,,,
32,FinServicio,45.20,,,6,5,40.36,45.20,3.82,4.84,8.66
36,InicioServicio,45.20,,,5,5,,,,,
36,FinServicio,46.29,,,5,5,45.20,46.29,4.75,1.10,5.85
37,InicioServicio,46.29,,,4,5,,,,,
42,Llegada,46.84,0.55,4,5,,,,,
43,Llegada,47.06,0.22,5,5,,,,,
44,Llegada,47.30,0.24,6,5,,,,,
34,FinServicio,47.39,,,7,5,43.16,47.39,4.80,4.23,9.04
38,InicioServicio,47.39,,,6,5,,,,,
45,Llegada,47.83,0.44,6,5,,,,,
46,Llegada,47.86,0.02,7,5,,,,,
33,FinServicio,47.89,,,8,5,41.05,47.89,3.97,6.84,10.81
39,InicioServicio,47.89,,,7,5,,,,,
37,FinServicio,47.92,,,7,5,46.29,47.92,3.93,1.63,5.56
40,InicioServicio,47.92,,,6,5,,,,,
28,FinServicio,48.64,,,6,5,35.71,48.64,2.63,12.92,15.56
41,InicioServicio,48.64,,,5,5,,,,,
35,FinServicio,48.65,,,5,5,43.33,48.65,4.00,5.32,9.33
42,InicioServicio,48.65,,,4,5,,,,,
39,FinServicio,49.23,,,4,5,47.89,49.23,5.02,1.34,6.36
43,InicioServicio,49.23,,,3,5,,,,,
43,FinServicio,49.33,,,3,5,49.23,49.33,2.17,0.10,2.27
44,InicioServicio,49.33,,,2,5,,,,,
47,Llegada,49.50,0.16,2,5,,,,,
48,Llegada,49.78,0.28,3,5,,,,,
42,FinServicio,51.12,,,4,5,48.65,51.12,1.81,2.47,4.28
45,InicioServicio,51.12,,,3,5,,,,,
38,FinServicio,51.13,,,3,5,47.39,51.13,4.54,3.74,8.28
46,InicioServicio,51.13,,,2,5,,,,,
40,FinServicio,51.24,,,2,5,47.92,51.24,4.80,3.32,8.12
47,InicioServicio,51.24,,,1,5,,,,,
49,Llegada,52.20,0.96,1,5,,,,,
44,FinServicio,52.86,,,2,5,49.33,52.86,2.03,3.53,5.56
48,InicioServicio,52.86,,,1,5,,,,,
47,FinServicio,53.39,,,1,5,51.24,53.39,1.74,2.15,3.89
49,InicioServicio,53.39,,,0,5,,,,,
46,FinServicio,53.47,,,0,5,51.13,53.47,3.28,2.33,5.61
50,Llegada,53.93,0.46,0,4,,,,,
50,InicioServicio,53.93,,,0,5,,,,,
51,Llegada,54.51,0.58,0,5,,,,,
45,FinServicio,55.10,,,1,5,51.12,55.10,3.29,3.98,7.27
51,InicioServicio,55.10,,,0,5,,,,,
50,FinServicio,56.02,,,0,5,53.93,56.02,0.00,2.09,2.09
48,FinServicio,56.59,,,0,4,52.86,56.59,3.08,3.73,6.81
52,Llegada,57.05,0.46,0,3,,,,,
52,InicioServicio,57.05,,,0,4,,,,,
51,FinServicio,57.08,,,0,4,55.10,57.08,0.60,1.97,2.57
53,Llegada,57.24,0.17,0,3,,,,,
53,InicioServicio,57.24,,,0,4,,,,,
54,Llegada,58.34,1.10,0,4,,,,,
54,InicioServicio,58.34,,,0,5,,,,,
52,FinServicio,58.82,,,0,5,57.05,58.82,0.00,1.77,1.77
55,Llegada,59.06,0.23,0,4,,,,,
55,InicioServicio,59.06,,,0,5,,,,,
53,FinServicio,59.16,,,0,5,57.24,59.16,0.00,1.92,1.92
56,Llegada,60.84,1.68,0,4,,,,,
56,InicioServicio,60.84,,,0,5,,,,,
54,FinServicio,61.66,,,0,5,58.34,61.66,0.00,3.31,3.31
57,Llegada,62.00,0.34,0,4,,,,,
57,InicioServicio,62.00,,,0,5,,,,,
41,FinServicio,62.30,,,0,5,48.64,62.30,4.31,13.66,17.96
55,FinServicio,62.66,,,0,4,59.06,62.66,0.00,3.60,3.60
58,Llegada,62.80,0.14,0,3,,,,,
58,InicioServicio,62.80,,,0,4,,,,,
59,Llegada,64.19,1.39,0,4,,,,,
59,InicioServicio,64.19,,,0,5,,,,,
58,FinServicio,64.24,,,0,5,62.80,64.24,0.00,1.45,1.45
57,FinServicio,64.76,,,0,4,62.00,64.76,0.00,2.76,2.76
60,Llegada,65.33,0.57,0,3,,,,,
60,InicioServicio,65.33,,,0,4,,,,,
60,FinServicio,65.69,,,0,4,65.33,65.69,0.00,0.36,0.36
61,Llegada,65.71,0.02,0,3,,,,,
61,InicioServicio,65.71,,,0,4,,,,,
59,FinServicio,65.97,,,0,4,64.19,65.97,0.00,1.78,1.78
62,Llegada,66.13,0.16,0,3,,,,,
62,InicioServicio,66.13,,,0,4,,,,,
63,Llegada,66.33,0.20,0,4,,,,,
63,InicioServicio,66.33,,,0,5,,,,,
61,FinServicio,66.57,,,0,5,65.71,66.57,0.00,0.85,0.85
64,Llegada,66.72,0.15,0,4,,,,,
64,InicioServicio,66.72,,,0,5,,,,,
56,FinServicio,69.05,,,0,5,60.84,69.05,0.00,8.21,8.21
62,FinServicio,69.27,,,0,4,66.13,69.27,0.00,3.14,3.14
65,Llegada,70.87,1.61,0,3,,,,,
65,InicioServicio,70.87,,,0,4,,,,,
66,Llegada,71.57,0.70,0,4,,,,,
66,InicioServicio,71.57,,,0,5,,,,,
67,Llegada,73.43,1.86,0,5,,,,,
65,FinServicio,73.56,,,1,5,70.87,73.56,0.00,2.69,2.69
67,InicioServicio,73.56,,,0,5,,,,,
68,Llegada,75.02,1.46,0,5,,,,,
67,FinServicio,75.76,,,1,5,73.56,75.76,0.13,2.20,2.33
68,InicioServicio,75.76,,,0,5,,,,,
69,Llegada,76.72,0.96,0,5,,,,,
66,FinServicio,78.33,,,1,5,71.57,78.33,0.00,6.76,6.76
69,InicioServicio,78.33,,,0,5,,,,,
70,Llegada,78.90,0.56,0,5,,,,,
71,Llegada,80.30,1.40,1,5,,,,,
69,FinServicio,81.97,,,2,5,78.33,81.97,1.61,3.63,5.24
70,InicioServicio,81.97,,,1,5,,,,,
70,FinServicio,82.43,,,1,5,81.97,82.43,3.07,0.46,3.53
71,InicioServicio,82.43,,,0,5,,,,,
72,Llegada,82.47,0.04,0,5,,,,,
71,FinServicio,83.17,,,1,5,82.43,83.17,2.13,0.74,2.87
72,InicioServicio,83.17,,,0,5,,,,,
68,FinServicio,83.19,,,0,5,75.76,83.19,0.74,7.43,8.17
72,FinServicio,83.87,,,0,4,83.17,83.87,0.70,0.70,1.40
73,Llegada,84.55,0.68,0,3,,,,,
73,InicioServicio,84.55,,,0,4,,,,,
74,Llegada,84.88,0.34,0,4,,,,,
74,InicioServicio,84.88,,,0,5,,,,,
63,FinServicio,85.25,,,0,5,66.33,85.25,0.00,18.93,18.93
75,Llegada,87.38,2.12,0,4,,,,,
75,InicioServicio,87.38,,,0,5,,,,,
76,Llegada,87.62,0.24,0,5,,,,,
75,FinServicio,88.24,,,1,5,87.38,88.24,0.00,0.86,0.86
76,InicioServicio,88.24,,,0,5,,,,,
77,Llegada,88.57,0.33,0,5,,,,,
73,FinServicio,88.57,,,1,5,84.55,88.57,0.00,4.02,4.02
77,InicioServicio,88.57,,,0,5,,,,,
77,FinServicio,88.90,,,0,5,88.57,88.90,0.00,0.33,0.33
76,FinServicio,88.98,,,0,4,88.24,88.98,0.62,0.74,1.36
78,Llegada,91.48,2.50,0,3,,,,,
78,InicioServicio,91.48,,,0,4,,,,,
64,FinServicio,91.73,,,0,4,66.72,91.73,0.00,25.01,25.01
79,Llegada,92.52,0.79,0,3,,,,,
79,InicioServicio,92.52,,,0,4,,,,,
78,FinServicio,94.32,,,0,4,91.48,94.32,0.00,2.84,2.84
80,Llegada,94.70,0.38,0,3,,,,,
80,InicioServicio,94.70,,,0,4,,,,,
49,FinServicio,95.10,,,0,4,53.39,95.10,1.19,41.71,42.90
80,FinServicio,97.27,,,0,3,94.70,97.27,0.00,2.57,2.57
81,Llegada,97.42,0.15,0,2,,,,,
81,InicioServicio,97.42,,,0,3,,,,,
74,FinServicio,97.46,,,0,3,84.88,97.46,0.00,12.58,12.58
82,Llegada,99.05,1.58,0,2,,,,,
82,InicioServicio,99.05,,,0,3,,,,,
83,Llegada,99.97,0.93,0,3,,,,,
83,InicioServicio,99.97,,,0,4,,,,,
84,Llegada,100.86,0.88,0,4,,,,,
84,InicioServicio,100.86,,,0,5,,,,,
85,Llegada,101.56,0.70,0,5,,,,,
84,FinServicio,101.88,,,1,5,100.86,101.88,0.00,1.03,1.03
85,InicioServicio,101.88,,,0,5,,,,,
79,FinServicio,101.89,,,0,5,92.52,101.89,0.00,9.37,9.37
86,Llegada,102.49,0.60,0,4,,,,,
86,InicioServicio,102.49,,,0,5,,,,,
81,FinServicio,102.53,,,0,5,97.42,102.53,0.00,5.11,5.11
83,FinServicio,102.86,,,0,4,99.97,102.86,0.00,2.89,2.89
87,Llegada,103.25,0.39,0,3,,,,,
87,InicioServicio,103.25,,,0,4,,,,,
88,Llegada,103.67,0.42,0,4,,,,,
88,InicioServicio,103.67,,,0,5,,,,,
89,Llegada,103.70,0.02,0,5,,,,,
85,FinServicio,104.91,,,1,5,101.88,104.91,0.32,3.02,3.35
89,InicioServicio,104.91,,,0,5,,,,,
90,Llegada,104.97,0.06,0,5,,,,,
87,FinServicio,105.25,,,1,5,103.25,105.25,0.00,2.00,2.00
90,InicioServicio,105.25,,,0,5,,,,,
91,Llegada,105.29,0.04,0,5,,,,,
92,Llegada,105.64,0.34,1,5,,,,,
90,FinServicio,105.88,,,2,5,105.25,105.88,0.29,0.63,0.92
91,InicioServicio,105.88,,,1,5,,,,,
93,Llegada,106.52,0.64,1,5,,,,,
88,FinServicio,106.91,,,2,5,103.67,106.91,0.00,3.24,3.24
92,InicioServicio,106.91,,,1,5,,,,,
94,Llegada,107.06,0.14,1,5,,,,,
91,FinServicio,107.35,,,2,5,105.88,107.35,0.59,1.47,2.06
93,InicioServicio,107.35,,,1,5,,,,,
82,FinServicio,107.69,,,1,5,99.05,107.69,0.00,8.64,8.64
94,InicioServicio,107.69,,,0,5,,,,,
93,FinServicio,107.89,,,0,5,107.35,107.89,0.83,0.54,1.37
95,Llegada,108.31,0.42,0,4,,,,,
95,InicioServicio,108.31,,,0,5,,,,,
95,FinServicio,108.74,,,0,5,108.31,108.74,0.00,0.43,0.43
92,FinServicio,110.23,,,0,4,106.91,110.23,1.28,3.31,4.59
96,Llegada,111.23,1.01,0,3,,,,,
96,InicioServicio,111.23,,,0,4,,,,,
94,FinServicio,113.29,,,0,4,107.69,113.29,0.63,5.60,6.24
97,Llegada,113.63,0.34,0,3,,,,,
97,InicioServicio,113.63,,,0,4,,,,,
98,Llegada,115.42,1.78,0,4,,,,,
98,InicioServicio,115.42,,,0,5,,,,,
96,FinServicio,116.32,,,0,5,111.23,116.32,0.00,5.09,5.09
98,FinServicio,117.03,,,0,4,115.42,117.03,0.00,1.62,1.62
97,FinServicio,117.12,,,0,3,113.63,117.12,0.00,3.49,3.49
86,FinServicio,117.27,,,0,2,102.49,117.27,0.00,14.78,14.78
99,Llegada,117.94,0.67,0,1,,,,,
99,InicioServicio,117.94,,,0,2,,,,,
89,FinServicio,118.13,,,0,2,104.91,118.13,1.21,13.22,14.44
99,FinServicio,118.97,,,0,1,117.94,118.97,0.00,1.03,1.03
100,Llegada,119.18,0.21,0,0,,,,,
100,InicioServicio,119.18,,,0,1,,,,,
101,Llegada,119.85,0.67,0,1,,,,,
101,InicioServicio,119.85,,,0,2,,,,,
101,FinServicio,120.94,,,0,2,119.85,120.94,0.00,1.09,1.09
102,Llegada,122.37,1.43,0,1,,,,,
102,InicioServicio,122.37,,,0,2,,,,,
103,Llegada,122.91,0.53,0,2,,,,,
103,InicioServicio,122.91,,,0,3,,,,,
104,Llegada,123.50,0.59,0,3,,,,,
104,InicioServicio,123.50,,,0,4,,,,,
105,Llegada,123.58,0.08,0,4,,,,,
105,InicioServicio,123.58,,,0,5,,,,,
102,FinServicio,123.69,,,0,5,122.37,123.69,0.00,1.31,1.31
105,FinServicio,123.87,,,0,4,123.58,123.87,0.00,0.29,0.29
106,Llegada,124.79,0.92,0,3,,,,,
106,InicioServicio,124.79,,,0,4,,,,,
107,Llegada,125.64,0.85,0,4,,,,,
107,InicioServicio,125.64,,,0,5,,,,,
104,FinServicio,125.89,,,0,5,123.50,125.89,0.00,2.39,2.39
108,Llegada,127.06,1.17,0,4,,,,,
108,InicioServicio,127.06,,,0,5,,,,,
107,FinServicio,127.08,,,0,5,125.64,127.08,0.00,1.43,1.43
100,FinServicio,127.09,,,0,4,119.18,127.09,0.00,7.91,7.91
103,FinServicio,127.77,,,0,3,122.91,127.77,0.00,4.87,4.87
109,Llegada,128.67,0.89,0,2,,,,,
109,InicioServicio,128.67,,,0,3,,,,,
110,Llegada,129.11,0.44,0,3,,,,,
110,InicioServicio,129.11,,,0,4,,,,,
111,Llegada,129.68,0.57,0,4,,,,,
111,InicioServicio,129.68,,,0,5,,,,,
112,Llegada,129.94,0.26,0,5,,,,,
113,Llegada,129.97,0.03,1,5,,,,,
114,Llegada,130.21,0.24,2,5,,,,,
110,FinServicio,130.33,,,3,5,129.11,130.33,0.00,1.22,1.22
112,InicioServicio,130.33,,,2,5,,,,,
115,Llegada,132.02,1.70,2,5,,,,,
116,Llegada,132.33,0.31,3,5,,,,,
109,FinServicio,132.77,,,4,5,128.67,132.77,0.00,4.11,4.11
113,InicioServicio,132.77,,,3,5,,,,,
117,Llegada,132.90,0.12,3,5,,,,,
111,FinServicio,133.30,,,4,5,129.68,133.30,0.00,3.62,3.62
114,InicioServicio,133.30,,,3,5,,,,,
113,FinServicio,133.38,,,3,5,132.77,133.38,2.80,0.61,3.40
115,InicioServicio,133.38,,,2,5,,,,,
118,Llegada,133.78,0.40,2,5,,,,,
119,Llegada,135.26,1.48,3,5,,,,,
120,Llegada,135.36,0.10,4,5,,,,,
121,Llegada,135.70,0.34,5,5,,,,,
122,Llegada,135.72,0.03,6,5,,,,,
123,Llegada,135.97,0.25,7,5,,,,,
124,Llegada,136.00,0.03,8,5,,,,,
106,FinServicio,136.15,,,9,5,124.79,136.15,0.00,11.36,11.36
116,InicioServicio,136.15,,,8,5,,,,,
125,Llegada,136.74,0.59,8,5,,,,,
126,Llegada,136.74,0.00,9,5,,,,,
114,FinServicio,136.85,,,10,5,133.30,136.85,3.08,3.56,6.64
117,InicioServicio,136.85,,,9,5,,,,,
127,Llegada,136.86,0.01,9,5,,,,,
108,FinServicio,137.00,,,10,5,127.06,137.00,0.00,9.94,9.94
118,InicioServicio,137.00,,,9,5,,,,,
116,FinServicio,137.17,,,9,5,136.15,137.17,3.81,1.03,4.84
119,InicioServicio,137.17,,,8,5,,,,,
128,Llegada,137.51,0.34,8,5,,,,,
129,Llegada,137.80,0.29,9,5,,,,,
119,FinServicio,137.97,,,10,5,137.17,137.97,1.92,0.80,2.71
120,InicioServicio,137.97,,,9,5,,,,,
130,Llegada,138.01,0.04,9,5,,,,,
131,Llegada,138.49,0.48,10,5,,,,,
132,Llegada,138.72,0.23,11,5,,,,,
133,Llegada,138.92,0.20,12,5,,,,,
117,FinServicio,139.15,,,13,5,136.85,139.15,3.96,2.29,6.25
121,InicioServicio,139.15,,,12,5,,,,,
115,FinServicio,139.33,,,12,5,133.38,139.33,1.35,5.96,7.31
122,InicioServicio,139.33,,,11,5,,,,,
134,Llegada,141.06,1.72,11,5,,,,,
135,Llegada,141.37,0.32,12,5,,,,,
136,Llegada,143.03,1.66,13,5,,,,,
137,Llegada,144.59,1.55,14,5,,,,,
121,FinServicio,144.73,,,15,5,139.15,144.73,3.45,5.58,9.03
123,InicioServicio,144.73,,,14,5,,,,,
120,FinServicio,144.79,,,14,5,137.97,144.79,2.61,6.82,9.43
124,InicioServicio,144.79,,,13,5,,,,,
124,FinServicio,144.81,,,13,5,144.79,144.81,8.79,0.02,8.81
125,InicioServicio,144.81,,,12,5,,,,,
123,FinServicio,145.22,,,12,5,144.73,145.22,8.76,0.49,9.25
126,InicioServicio,145.22,,,11,5,,,,,
138,Llegada,147.83,2.62,11,5,,,,,
139,Llegada,148.32,0.49,12,5,,,,,
126,FinServicio,148.39,,,13,5,145.22,148.39,8.48,3.17,11.65
127,InicioServicio,148.39,,,12,5,,,,,
140,Llegada,148.65,0.27,12,5,,,,,
141,Llegada,148.67,0.02,13,5,,,,,
142,Llegada,148.71,0.04,14,5,,,,,
125,FinServicio,149.98,,,15,5,144.81,149.98,8.07,5.17,13.24
128,InicioServicio,149.98,,,14,5,,,,,
143,Llegada,150.09,0.11,14,5,,,,,
144,Llegada,150.50,0.41,15,5,,,,,
118,FinServicio,150.52,,,16,5,137.00,150.52,3.21,13.52,16.74
129,InicioServicio,150.52,,,15,5,,,,,
122,FinServicio,150.67,,,15,5,139.33,150.67,3.61,11.34,14.95
130,InicioServicio,150.67,,,14,5,,,,,
145,Llegada,151.62,0.95,14,5,,,,,
128,FinServicio,151.63,,,15,5,149.98,151.63,12.46,1.66,14.12
131,InicioServicio,151.63,,,14,5,,,,,
146,Llegada,152.01,0.38,14,5,,,,,
131,FinServicio,152.19,,,15,5,151.63,152.19,13.14,0.56,13.70
132,InicioServicio,152.19,,,14,5,,,,,
112,FinServicio,152.19,,,14,5,130.33,152.19,0.38,21.86,22.24
133,InicioServicio,152.19,,,13,5,,,,,
147,Llegada,152.95,0.76,13,5,,,,,
148,Llegada,153.63,0.68,14,5,,,,,
149,Llegada,155.04,1.41,15,5,,,,,
133,FinServicio,155.63,,,16,5,152.19,155.63,13.27,3.44,16.71
134,InicioServicio,155.63,,,15,5,,,,,
150,Llegada,156.53,0.90,15,5,,,,,
130,FinServicio,156.57,,,16,5,150.67,156.57,12.66,5.90,18.56
135,InicioServicio,156.57,,,15,5,,,,,
151,Llegada,157.43,0.86,15,5,,,,,
152,Llegada,157.57,0.14,16,5,,,,,
153,Llegada,159.28,1.71,17,5,,,,,
154,Llegada,160.20,0.91,18,5,,,,,
155,Llegada,160.22,0.02,19,5,,,,,
156,Llegada,160.30,0.08,20,5,,,,,
157,Llegada,160.31,0.01,21,5,,,,,
158,Llegada,161.04,0.72,22,5,,,,,
132,FinServicio,162.48,,,23,5,152.19,162.48,13.47,10.29,23.76
136,InicioServicio,162.48,,,22,5,,,,,
135,FinServicio,162.65,,,22,5,156.57,162.65,15.20,6.07,21.27
137,InicioServicio,162.65,,,21,5,,,,,
129,FinServicio,163.15,,,21,5,150.52,163.15,12.72,12.63,25.35
138,InicioServicio,163.15,,,20,5,,,,,
138,FinServicio,163.62,,,20,5,163.15,163.62,15.32,0.48,15.79
139,InicioServicio,163.62,,,19,5,,,,,
159,Llegada,163.62,0.00,19,5,,,,,
139,FinServicio,163.74,,,20,5,163.62,163.74,15.30,0.12,15.42
140,InicioServicio,163.74,,,19,5,,,,,
160,Llegada,163.95,0.21,19,5,,,,,
140,FinServicio,164.35,,,20,5,163.74,164.35,15.09,0.61,15.70
141,InicioServicio,164.35,,,19,5,,,,,
137,FinServicio,164.37,,,19,5,162.65,164.37,18.06,1.73,19.78
142,InicioServicio,164.37,,,18,5,,,,,
161,Llegada,164.44,0.06,18,5,,,,,
134,FinServicio,164.82,,,19,5,155.63,164.82,14.57,9.19,23.76
143,InicioServicio,164.82,,,18,5,,,,,
142,FinServicio,165.06,,,18,5,164.37,165.06,15.66,0.68,16.35
144,InicioServicio,165.06,,,17,5,,,,,
144,FinServicio,165.18,,,17,5,165.06,165.18,14.56,0.12,14.68
145,InicioServicio,165.18,,,16,5,,,,,
141,FinServicio,165.68,,,16,5,164.35,165.68,15.68,1.33,17.01
146,InicioServicio,165.68,,,15,5,,,,,
146,FinServicio,165.82,,,15,5,165.68,165.82,13.67,0.13,13.80
147,InicioServicio,165.82,,,14,5,,,,,
162,Llegada,166.19,0.38,14,5,,,,,
163,Llegada,166.25,0.06,15,5,,,,,
147,FinServicio,166.43,,,16,5,165.82,166.43,12.87,0.61,13.48
148,InicioServicio,166.43,,,15,5,,,,,
164,Llegada,166.94,0.51,15,5,,,,,
127,FinServicio,167.10,,,16,5,148.39,167.10,11.52,18.71,30.24
149,InicioServicio,167.10,,,15,5,,,,,
145,FinServicio,168.04,,,15,5,165.18,168.04,13.56,2.86,16.41
150,InicioServicio,168.04,,,14,5,,,,,
165,Llegada,168.75,0.71,14,5,,,,,
166,Llegada,168.79,0.04,15,5,,,,,
150,FinServicio,168.81,,,16,5,168.04,168.81,11.51,0.77,12.28
151,InicioServicio,168.81,,,15,5,,,,,
143,FinServicio,169.39,,,15,5,164.82,169.39,14.73,4.57,19.30
152,InicioServicio,169.39,,,14,5,,,,,
148,FinServicio,169.47,,,14,5,166.43,169.47,12.79,3.04,15.83
153,InicioServicio,169.47,,,13,5,,,,,
152,FinServicio,169.85,,,13,5,169.39,169.85,11.82,0.46,12.28
154,InicioServicio,169.85,,,12,5,,,,,
167,Llegada,170.02,0.17,12,5,,,,,
168,Llegada,170.08,0.06,13,5,,,,,
136,FinServicio,170.58,,,14,5,162.48,170.58,19.45,8.09,27.54
155,InicioServicio,170.58,,,13,5,,,,,
169,Llegada,170.65,0.08,13,5,,,,,
151,FinServicio,171.37,,,14,5,168.81,171.37,11.37,2.56,13.94
156,InicioServicio,171.37,,,13,5,,,,,
154,FinServicio,171.44,,,13,5,169.85,171.44,9.65,1.59,11.24
157,InicioServicio,171.44,,,12,5,,,,,
149,FinServicio,171.74,,,12,5,167.10,171.74,12.06,4.64,16.69
158,InicioServicio,171.74,,,11,5,,,,,
170,Llegada,172.08,0.34,11,5,,,,,
153,FinServicio,172.48,,,12,5,169.47,172.48,10.18,3.01,13.19
159,InicioServicio,172.48,,,11,5,,,,,
155,FinServicio,172.88,,,11,5,170.58,172.88,10.36,2.31,12.66
160,InicioServicio,172.88,,,10,5,,,,,
171,Llegada,174.13,1.25,10,5,,,,,
159,FinServicio,174.14,,,11,5,172.48,174.14,8.85,1.66,10.52
161,InicioServicio,174.14,,,10,5,,,,,
172,Llegada,174.16,0.02,10,5,,,,,
160,FinServicio,174.33,,,11,5,172.88,174.33,8.93,1.45,10.38
162,InicioServicio,174.33,,,10,5,,,,,
173,Llegada,174.86,0.53,10,5,,,,,
174,Llegada,174.87,0.01,11,5,,,,,
158,FinServicio,174.89,,,12,5,171.74,174.89,10.70,3.16,13.86
163,InicioServicio,174.89,,,11,5,,,,,
175,Llegada,175.51,0.62,11,5,,,,,
157,FinServicio,175.55,,,12,5,171.44,175.55,11.12,4.11,15.24
164,InicioServicio,175.55,,,11,5,,,,,
164,FinServicio,175.87,,,11,5,175.55,175.87,8.61,0.32,8.93
165,InicioServicio,175.87,,,10,5,,,,,
162,FinServicio,176.08,,,10,5,174.33,176.08,8.14,1.75,9.88
166,InicioServicio,176.08,,,9,5,,,,,
165,FinServicio,176.54,,,9,5,175.87,176.54,7.12,0.66,7.79
167,InicioServicio,176.54,,,8,5,,,,,
176,Llegada,176.75,0.21,8,5,,,,,
177,Llegada,177.66,0.91,9,5,,,,,
156,FinServicio,178.02,,,10,5,171.37,178.02,11.07,6.65,17.72
168,InicioServicio,178.02,,,9,5,,,,,
166,FinServicio,178.24,,,9,5,176.08,178.24,7.29,2.17,9.46
169,InicioServicio,178.24,,,8,5,,,,,
163,FinServicio,178.41,,,8,5,174.89,178.41,8.64,3.52,12.16
170,InicioServicio,178.41,,,7,5,,,,,
168,FinServicio,178.68,,,7,5,178.02,178.68,7.94,0.65,8.60
171,InicioServicio,178.68,,,6,5,,,,,
171,FinServicio,179.48,,,6,5,178.68,179.48,4.55,0.80,5.35
172,InicioServicio,179.48,,,5,5,,,,,
172,FinServicio,180.10,,,5,5,179.48,180.10,5.32,0.62,5.94
173,InicioServicio,180.10,,,4,5,,,,,
178,Llegada,180.48,0.38,4,5,,,,,
179,Llegada,181.44,0.96,5,5,,,,,
180,Llegada,181.72,0.28,6,5,,,,,
173,FinServicio,181.82,,,7,5,180.10,181.82,5.24,1.72,6.96
174,InicioServicio,181.82,,,6,5,,,,,
167,FinServicio,181.96,,,6,5,176.54,181.96,6.52,5.43,11.95
175,InicioServicio,181.96,,,5,5,,,,,
181,Llegada,181.99,0.03,5,5,,,,,
170,FinServicio,182.09,,,6,5,178.41,182.09,6.33,3.68,10.01
176,InicioServicio,182.09,,,5,5,,,,,
182,Llegada,182.44,0.36,5,5,,,,,
169,FinServicio,182.73,,,6,5,178.24,182.73,7.59,4.48,12.08
177,InicioServicio,182.73,,,5,5,,,,,
183,Llegada,182.95,0.22,5,5,,,,,
176,FinServicio,184.02,,,6,5,182.09,184.02,5.34,1.94,7.27
178,InicioServicio,184.02,,,5,5,,,,,
175,FinServicio,185.03,,,5,5,181.96,185.03,6.45,3.06,9.51
179,InicioServicio,185.03,,,4,5,,,,,
184,Llegada,185.35,0.33,4,5,,,,,
161,FinServicio,186.69,,,5,5,174.14,186.69,9.70,12.55,22.25
180,InicioServicio,186.69,,,4,5,,,,,
179,FinServicio,186.74,,,4,5,185.03,186.74,3.59,1.71,5.30
181,InicioServicio,186.74,,,3,5,,,,,
178,FinServicio,187.30,,,3,5,184.02,187.30,3.55,3.28,6.82
182,InicioServicio,187.30,,,2,5,,,,,
181,FinServicio,187.62,,,2,5,186.74,187.62,4.74,0.88,5.62
183,InicioServicio,187.62,,,1,5,,,,,
177,FinServicio,188.18,,,1,5,182.73,188.18,5.07,5.45,10.52
184,InicioServicio,188.18,,,0,5,,,,,
185,Llegada,188.81,0.63,0,5,,,,,
174,FinServicio,188.89,,,1,5,181.82,188.89,6.95,7.07,14.02
185,InicioServicio,188.89,,,0,5,,,,,
186,Llegada,189.37,0.48,0,5,,,,,
180,FinServicio,189.43,,,1,5,186.69,189.43,4.97,2.74,7.71
186,InicioServicio,189.43,,,0,5,,,,,
184,FinServicio,190.28,,,0,5,188.18,190.28,2.83,2.10,4.93
183,FinServicio,191.01,,,0,4,187.62,191.01,4.67,3.40,8.06
187,Llegada,191.67,0.65,0,3,,,,,
187,InicioServicio,191.67,,,0,4,,,,,
188,Llegada,191.76,0.10,0,4,,,,,
188,InicioServicio,191.76,,,0,5,,,,,
189,Llegada,191.83,0.07,0,5,,,,,
190,Llegada,192.48,0.65,1,5,,,,,
186,FinServicio,193.07,,,2,5,189.43,193.07,0.06,3.64,3.70
189,InicioServicio,193.07,,,1,5,,,,,
189,FinServicio,193.34,,,1,5,193.07,193.34,1.24,0.27,1.51
190,InicioServicio,193.34,,,0,5,,,,,
191,Llegada,193.97,0.63,0,5,,,,,
185,FinServicio,194.08,,,1,5,188.89,194.08,0.08,5.19,5.27
191,InicioServicio,194.08,,,0,5,,,,,
182,FinServicio,194.34,,,0,5,187.30,194.34,4.86,7.04,11.89
192,Llegada,194.35,0.01,0,4,,,,,
192,InicioServicio,194.35,,,0,5,,,,,
192,FinServicio,194.43,,,0,5,194.35,194.43,0.00,0.08,0.08
193,Llegada,194.93,0.49,0,4,,,,,
193,InicioServicio,194.93,,,0,5,,,,,
194,Llegada,194.96,0.03,0,5,,,,,
193,FinServicio,195.54,,,1,5,194.93,195.54,0.00,0.61,0.61
194,InicioServicio,195.54,,,0,5,,,,,
191,FinServicio,195.73,,,0,5,194.08,195.73,0.11,1.65,1.76
187,FinServicio,195.75,,,0,4,191.67,195.75,0.00,4.09,4.09
195,Llegada,197.03,1.28,0,3,,,,,
195,InicioServicio,197.03,,,0,4,,,,,
188,FinServicio,197.10,,,0,4,191.76,197.10,0.00,5.34,5.34
194,FinServicio,197.48,,,0,3,195.54,197.48,0.58,1.94,2.52
190,FinServicio,198.89,,,0,2,193.34,198.89,0.86,5.56,6.41
196,Llegada,199.12,0.23,0,1,,,,,
196,InicioServicio,199.12,,,0,2,,,,,
195,FinServicio,199.62,,,0,2,197.03,199.62,0.00,2.60,2.60
197,Llegada,199.92,0.29,0,1,,,,,
197,InicioServicio,199.92,,,0,2,,,,,
196,FinServicio,200.14,,,0,2,199.12,200.14,0.00,1.02,1.02
198,Llegada,201.46,1.32,0,1,,,,,
198,InicioServicio,201.46,,,0,2,,,,,
199,Llegada,201.56,0.10,0,2,,,,,
199,InicioServicio,201.56,,,0,3,,,,,
197,FinServicio,202.58,,,0,3,199.92,202.58,0.00,2.66,2.66
200,Llegada,204.64,2.06,0,2,,,,,
200,InicioServicio,204.64,,,0,3,,,,,
201,Llegada,205.99,1.35,0,3,,,,,
201,InicioServicio,205.99,,,0,4,,,,,
201,FinServicio,206.64,,,0,4,205.99,206.64,0.00,0.65,0.65
202,Llegada,207.50,0.85,0,3,,,,,
202,InicioServicio,207.50,,,0,4,,,,,
200,FinServicio,208.14,,,0,4,204.64,208.14,0.00,3.50,3.50
202,FinServicio,208.94,,,0,3,207.50,208.94,0.00,1.44,1.44
199,FinServicio,209.04,,,0,2,201.56,209.04,0.00,7.48,7.48
203,Llegada,209.44,0.41,0,1,,,,,
203,InicioServicio,209.44,,,0,2,,,,,
204,Llegada,209.79,0.35,0,2,,,,,
204,InicioServicio,209.79,,,0,3,,,,,
198,FinServicio,210.06,,,0,3,201.46,210.06,0.00,8.60,8.60
205,Llegada,213.16,3.09,0,2,,,,,
205,InicioServicio,213.16,,,0,3,,,,,
206,Llegada,213.62,0.46,0,3,,,,,
206,InicioServicio,213.62,,,0,4,,,,,
207,Llegada,213.90,0.28,0,4,,,,,
207,InicioServicio,213.90,,,0,5,,,,,
204,FinServicio,214.17,,,0,5,209.79,214.17,0.00,4.38,4.38
208,Llegada,214.36,0.19,0,4,,,,,
208,InicioServicio,214.36,,,0,5,,,,,
209,Llegada,214.42,0.06,0,5,,,,,
203,FinServicio,214.51,,,1,5,209.44,214.51,0.00,5.06,5.06
209,InicioServicio,214.51,,,0,5,,,,,
210,Llegada,214.64,0.13,0,5,,,,,
211,Llegada,214.69,0.05,1,5,,,,,
212,Llegada,215.08,0.39,2,5,,,,,
213,Llegada,215.46,0.38,3,5,,,,,
214,Llegada,216.12,0.66,4,5,,,,,
215,Llegada,216.41,0.29,5,5,,,,,
208,FinServicio,216.63,,,6,5,214.36,216.63,0.00,2.27,2.27
210,InicioServicio,216.63,,,5,5,,,,,
207,FinServicio,216.73,,,5,5,213.90,216.73,0.00,2.84,2.84
211,InicioServicio,216.73,,,4,5,,,,,
216,Llegada,218.08,1.35,4,5,,,,,
206,FinServicio,218.26,,,5,5,213.62,218.26,0.00,4.64,4.64
212,InicioServicio,218.26,,,4,5,,,,,
209,FinServicio,218.60,,,4,5,214.51,218.60,0.09,4.09,4.18
213,InicioServicio,218.60,,,3,5,,,,,
217,Llegada,218.68,0.08,3,5,,,,,
212,FinServicio,219.13,,,4,5,218.26,219.13,3.18,0.87,4.05
214,InicioServicio,219.13,,,3,5,,,,,
218,Llegada,220.36,1.23,3,5,,,,,
219,Llegada,221.00,0.64,4,5,,,,,
205,FinServicio,221.13,,,5,5,213.16,221.13,0.00,7.97,7.97
215,InicioServicio,221.13,,,4,5,,,,,
220,Llegada,221.54,0.41,4,5,,,,,
214,FinServicio,222.70,,,5,5,219.13,222.70,3.01,3.57,6.57
216,InicioServicio,222.70,,,4,5,,,,,
213,FinServicio,222.83,,,4,5,218.60,222.83,3.13,4.24,7.37
217,InicioServicio,222.83,,,3,5,,,,,
221,Llegada,222.85,0.01,3,5,,,,,
222,Llegada,223.03,0.19,4,5,,,,,
217,FinServicio,223.04,,,5,5,222.83,223.04,4.16,0.21,4.37
218,InicioServicio,223.04,,,4,5,,,,,
223,Llegada,223.35,0.30,4,5,,,,,
224,Llegada,223.66,0.31,5,5,,,,,
225,Llegada,223.87,0.21,6,5,,,,,
226,Llegada,224.20,0.34,7,5,,,,,
227,Llegada,224.73,0.53,8,5,,,,,
218,FinServicio,225.54,,,9,5,223.04,225.54,2.69,2.49,5.18
219,InicioServicio,225.54,,,8,5,,,,,
228,Llegada,225.77,0.23,8,5,,,,,
229,Llegada,226.58,0.81,9,5,,,,,
230,Llegada,227.40,0.82,10,5,,,,,
215,FinServicio,227.90,,,11,5,221.13,227.90,4.71,6.77,11.48
220,InicioServicio,227.90,,,10,5,,,,,
231,Llegada,228.54,0.65,10,5,,,,,
219,FinServicio,228.64,,,11,5,225.54,228.64,4.54,3.10,7.63
221,InicioServicio,228.64,,,10,5,,,,,
220,FinServicio,229.05,,,10,5,227.90,229.05,6.36,1.16,7.51
222,InicioServicio,229.05,,,9,5,,,,,
216,FinServicio,229.62,,,9,5,222.70,229.62,4.61,6.93,11.54
223,InicioServicio,229.62,,,8,5,,,,,
222,FinServicio,229.89,,,8,5,229.05,229.89,6.02,0.83,6.85
224,InicioServicio,229.89,,,7,5,,,,,
232,Llegada,230.34,0.45,7,5,,,,,
233,Llegada,230.39,0.05,8,5,,,,,
234,Llegada,231.70,1.31,9,5,,,,,
224,FinServicio,232.26,,,10,5,229.89,232.26,6.23,2.37,8.60
225,InicioServicio,232.26,,,9,5,,,,,
235,Llegada,232.37,0.11,9,5,,,,,
225,FinServicio,233.25,,,10,5,232.26,233.25,8.40,0.99,9.39
226,InicioServicio,233.25,,,9,5,,,,,
236,Llegada,233.40,0.15,9,5,,,,,
226,FinServicio,233.49,,,10,5,233.25,233.49,9.05,0.24,9.29
227,InicioServicio,233.49,,,9,5,,,,,
223,FinServicio,234.87,,,9,5,229.62,234.87,6.27,5.25,11.52
228,InicioServicio,234.87,,,8,5,,,,,
221,FinServicio,236.28,,,8,5,228.64,236.28,5.79,7.65,13.43
229,InicioServicio,236.28,,,7,5,,,,,
229,FinServicio,236.30,,,7,5,236.28,236.30,9.70,0.02,9.71
230,InicioServicio,236.30,,,6,5,,,,,
237,Llegada,236.45,0.15,6,5,,,,,
211,FinServicio,237.19,,,7,5,216.73,237.19,2.05,20.46,22.50
231,InicioServicio,237.19,,,6,5,,,,,
238,Llegada,237.57,0.38,6,5,,,,,
239,Llegada,238.06,0.49,7,5,,,,,
240,Llegada,238.83,0.77,8,5,,,,,
230,FinServicio,239.77,,,9,5,236.30,239.77,8.90,3.48,12.37
232,InicioServicio,239.77,,,8,5,,,,,
232,FinServicio,239.84,,,8,5,239.77,239.84,9.44,0.07,9.50
233,InicioServicio,239.84,,,7,5,,,,,
227,FinServicio,240.40,,,7,5,233.49,240.40,8.76,6.91,15.67
234,InicioServicio,240.40,,,6,5,,,,,
228,FinServicio,240.88,,,6,5,234.87,240.88,9.10,6.01,15.11
235,InicioServicio,240.88,,,5,5,,,,,
241,Llegada,241.01,0.13,5,5,,,,,
242,Llegada,241.20,0.19,6,5,,,,,
233,FinServicio,241.57,,,7,5,239.84,241.57,9.45,1.73,11.18
236,InicioServicio,241.57,,,6,5,,,,,
210,FinServicio,241.76,,,6,5,216.63,241.76,2.00,25.13,27.13
237,InicioServicio,241.76,,,5,5,,,,,
237,FinServicio,241.79,,,5,5,241.76,241.79,5.31,0.03,5.34
238,InicioServicio,241.79,,,4,5,,,,,
235,FinServicio,241.86,,,4,5,240.88,241.86,8.51,0.98,9.49
239,InicioServicio,241.86,,,3,5,,,,,
239,FinServicio,242.26,,,3,5,241.86,242.26,3.80,0.40,4.20
240,InicioServicio,242.26,,,2,5,,,,,
236,FinServicio,242.31,,,2,5,241.57,242.31,8.17,0.75,8.91
241,InicioServicio,242.31,,,1,5,,,,,
243,Llegada,242.72,0.41,1,5,,,,,
244,Llegada,243.00,0.27,2,5,,,,,
241,FinServicio,243.00,,,3,5,242.31,243.00,1.31,0.69,1.99
242,InicioServicio,243.00,,,2,5,,,,,
245,Llegada,243.65,0.65,2,5,,,,,
234,FinServicio,243.93,,,3,5,240.40,243.93,8.70,3.52,12.22
243,InicioServicio,243.93,,,2,5,,,,,
246,Llegada,244.16,0.23,2,5,,,,,
247,Llegada,244.65,0.49,3,5,,,,,
248,Llegada,244.74,0.09,4,5,,,,,
249,Llegada,244.92,0.18,5,5,,,,,
250,Llegada,245.37,0.44,6,5,,,,,
251,Llegada,245.88,0.51,7,5,,,,,
252,Llegada,246.40,0.52,8,5,,,,,
231,FinServicio,246.83,,,9,5,237.19,246.83,8.65,9.64,18.29
244,InicioServicio,246.83,,,8,5,,,,,
238,FinServicio,248.60,,,8,5,241.79,248.60,4.22,6.81,11.03
245,InicioServicio,248.60,,,7,5,,,,,
240,FinServicio,249.40,,,7,5,242.26,249.40,3.43,7.14,10.57
246,InicioServicio,249.40,,,6,5,,,,,
244,FinServicio,249.76,,,6,5,246.83,249.76,3.84,2.93,6.76
247,InicioServicio,249.76,,,5,5,,,,,
242,FinServicio,250.41,,,5,5,243.00,250.41,1.80,7.41,9.21
248,InicioServicio,250.41,,,4,5,,,,,
253,Llegada,251.02,0.61,4,5,,,,,
254,Llegada,251.35,0.33,5,5,,,,,
246,FinServicio,251.93,,,6,5,249.40,251.93,5.24,2.53,7.77
249,InicioServicio,251.93,,,5,5,,,,,
243,FinServicio,252.12,,,5,5,243.93,252.12,1.21,8.19,9.40
250,InicioServicio,252.12,,,4,5,,,,,
250,FinServicio,252.28,,,4,5,252.12,252.28,6.75,0.16,6.91
251,InicioServicio,252.28,,,3,5,,,,,
255,Llegada,253.84,1.56,3,5,,,,,
251,FinServicio,254.12,,,4,5,252.28,254.12,6.41,1.83,8.24
252,InicioServicio,254.12,,,3,5,,,,,
256,Llegada,254.25,0.13,3,5,,,,,
248,FinServicio,254.36,,,4,5,250.41,254.36,5.67,3.95,9.62
253,InicioServicio,254.36,,,3,5,,,,,
249,FinServicio,254.41,,,3,5,251.93,254.41,7.00,2.48,9.48
254,InicioServicio,254.41,,,2,5,,,,,
245,FinServicio,255.18,,,2,5,248.60,255.18,4.95,6.58,11.52
255,InicioServicio,255.18,,,1,5,,,,,
257,Llegada,256.81,1.63,1,5,,,,,
254,FinServicio,257.48,,,2,5,254.41,257.48,3.06,3.07,6.12
256,InicioServicio,257.48,,,1,5,,,,,
255,FinServicio,257.58,,,1,5,255.18,257.58,1.33,2.41,3.74
257,InicioServicio,257.58,,,0,5,,,,,
258,Llegada,257.63,0.05,0,5,,,,,
259,Llegada,258.25,0.62,1,5,,,,,
257,FinServicio,259.26,,,2,5,257.58,259.26,0.78,1.68,2.45
258,InicioServicio,259.26,,,1,5,,,,,
260,Llegada,259.44,0.18,1,5,,,,,
247,FinServicio,259.50,,,2,5,249.76,259.50,5.11,9.74,14.85
259,InicioServicio,259.50,,,1,5,,,,,
256,FinServicio,259.57,,,1,5,257.48,259.57,3.23,2.09,5.32
260,InicioServicio,259.57,,,0,5,,,,,
261,Llegada,259.94,0.37,0,5,,,,,
260,FinServicio,260.63,,,1,5,259.57,260.63,0.13,1.06,1.19
261,InicioServicio,260.63,,,0,5,,,,,
262,Llegada,261.39,0.76,0,5,,,,,
261,FinServicio,261.70,,,1,5,260.63,261.70,0.69,1.07,1.76
262,InicioServicio,261.70,,,0,5,,,,,
263,Llegada,262.37,0.67,0,5,,,,,
264,Llegada,262.42,0.04,1,5,,,,,
252,FinServicio,263.50,,,2,5,254.12,263.50,7.72,9.38,17.10
263,InicioServicio,263.50,,,1,5,,,,,
262,FinServicio,264.19,,,1,5,261.70,264.19,0.31,2.48,2.80
264,InicioServicio,264.19,,,0,5,,,,,
253,FinServicio,264.50,,,0,5,254.36,264.50,3.34,10.13,13.47
263,FinServicio,265.06,,,0,4,263.50,265.06,1.12,1.56,2.68
265,Llegada,265.25,0.19,0,3,,,,,
265,InicioServicio,265.25,,,0,4,,,,,
265,FinServicio,265.90,,,0,4,265.25,265.90,0.00,0.66,0.66
258,FinServicio,266.43,,,0,3,259.26,266.43,1.63,7.17,8.80
266,Llegada,266.69,0.26,0,2,,,,,
266,InicioServicio,266.69,,,0,3,,,,,
267,Llegada,267.69,0.99,0,3,,,,,
267,InicioServicio,267.69,,,0,4,,,,,
268,Llegada,269.68,2.00,0,4,,,,,
268,InicioServicio,269.68,,,0,5,,,,,
268,FinServicio,270.70,,,0,5,269.68,270.70,0.00,1.01,1.01
266,FinServicio,270.78,,,0,4,266.69,270.78,0.00,4.09,4.09
259,FinServicio,270.78,,,0,3,259.50,270.78,1.24,11.29,12.53
269,Llegada,271.20,0.41,0,2,,,,,
269,InicioServicio,271.20,,,0,3,,,,,
270,Llegada,271.48,0.28,0,3,,,,,
270,InicioServicio,271.48,,,0,4,,,,,
271,Llegada,271.69,0.21,0,4,,,,,
271,InicioServicio,271.69,,,0,5,,,,,
272,Llegada,272.19,0.50,0,5,,,,,
273,Llegada,272.25,0.07,1,5,,,,,
274,Llegada,273.33,1.07,2,5,,,,,
269,FinServicio,273.43,,,3,5,271.20,273.43,0.00,2.24,2.24
272,InicioServicio,273.43,,,2,5,,,,,
270,FinServicio,273.72,,,2,5,271.48,273.72,0.00,2.25,2.25
273,InicioServicio,273.72,,,1,5,,,,,
264,FinServicio,273.83,,,1,5,264.19,273.83,1.77,9.64,11.41
274,InicioServicio,273.83,,,0,5,,,,,
275,Llegada,274.13,0.30,0,5,,,,,
271,FinServicio,274.54,,,1,5,271.69,274.54,0.00,2.86,2.86
275,InicioServicio,274.54,,,0,5,,,,,
267,FinServicio,275.12,,,0,5,267.69,275.12,0.00,7.43,7.43
276,Llegada,277.08,1.95,0,4,,,,,
276,InicioServicio,277.08,,,0,5,,,,,
274,FinServicio,277.87,,,0,5,273.83,277.87,0.50,4.04,4.55
277,Llegada,278.35,0.48,0,4,,,,,
277,InicioServicio,278.35,,,0,5,,,,,
278,Llegada,278.39,0.04,0,5,,,,,
279,Llegada,279.06,0.67,1,5,,,,,
280,Llegada,279.28,0.22,2,5,,,,,
281,Llegada,279.57,0.28,3,5,,,,,
282,Llegada,279.86,0.29,4,5,,,,,
275,FinServicio,280.56,,,5,5,274.54,280.56,0.42,6.02,6.44
278,InicioServicio,280.56,,,4,5,,,,,
273,FinServicio,281.51,,,4,5,273.72,281.51,1.47,7.79,9.26
279,InicioServicio,281.51,,,3,5,,,,,
283,Llegada,281.52,0.01,3,5,,,,,
284,Llegada,281.75,0.23,4,5,,,,,
279,FinServicio,283.10,,,5,5,281.51,283.10,2.45,1.59,4.04
280,InicioServicio,283.10,,,4,5,,,,,
272,FinServicio,283.31,,,4,5,273.43,283.31,1.25,9.88,11.13
281,InicioServicio,283.31,,,3,5,,,,,
285,Llegada,283.49,0.18,3,5,,,,,
280,FinServicio,284.28,,,4,5,283.10,284.28,3.81,1.18,5.00
282,InicioServicio,284.28,,,3,5,,,,,
286,Llegada,284.50,0.22,3,5,,,,,
281,FinServicio,285.20,,,4,5,283.31,285.20,3.75,1.89,5.63
283,InicioServicio,285.20,,,3,5,,,,,
287,Llegada,285.33,0.13,3,5,,,,,
277,FinServicio,285.54,,,4,5,278.35,285.54,0.00,7.19,7.19
284,InicioServicio,285.54,,,3,5,,,,,
288,Llegada,286.41,0.87,3,5,,,,,
276,FinServicio,287.01,,,4,5,277.08,287.01,0.00,9.93,9.93
285,InicioServicio,287.01,,,3,5,,,,,
283,FinServicio,287.78,,,3,5,285.20,287.78,3.68,2.58,6.27
286,InicioServicio,287.78,,,2,5,,,,,
289,Llegada,288.98,1.20,2,5,,,,,
290,Llegada,289.29,0.30,3,5,,,,,
286,FinServicio,289.92,,,4,5,287.78,289.92,3.28,2.14,5.42
287,InicioServicio,289.92,,,3,5,,,,,
285,FinServicio,290.26,,,3,5,287.01,290.26,3.52,3.25,6.76
288,InicioServicio,290.26,,,2,5,,,,,
288,FinServicio,290.40,,,2,5,290.26,290.40,3.85,0.15,3.99
289,InicioServicio,290.40,,,1,5,,,,,
287,FinServicio,290.67,,,1,5,289.92,290.67,4.59,0.75,5.35
290,InicioServicio,290.67,,,0,5,,,,,
291,Llegada,291.06,0.39,0,5,,,,,
284,FinServicio,291.42,,,1,5,285.54,291.42,3.79,5.88,9.67
291,InicioServicio,291.42,,,0,5,,,,,
278,FinServicio,291.91,,,0,5,280.56,291.91,2.17,11.35,13.52
292,Llegada,292.00,0.09,0,4,,,,,
292,InicioServicio,292.00,,,0,5,,,,,
289,FinServicio,292.43,,,0,5,290.40,292.43,1.42,2.03,3.45
282,FinServicio,292.61,,,0,4,284.28,292.61,4.43,8.33,12.76
293,Llegada,292.94,0.32,0,3,,,,,
293,InicioServicio,292.94,,,0,4,,,,,
291,FinServicio,293.79,,,0,4,291.42,293.79,0.36,2.37,2.73
294,Llegada,294.46,0.67,0,3,,,,,
294,InicioServicio,294.46,,,0,4,,,,,
294,FinServicio,295.51,,,0,4,294.46,295.51,0.00,1.04,1.04
290,FinServicio,295.58,,,0,3,290.67,295.58,1.38,4.91,6.29
295,Llegada,295.94,0.36,0,2,,,,,
295,InicioServicio,295.94,,,0,3,,,,,
292,FinServicio,295.94,,,0,3,292.00,295.94,0.00,3.94,3.94
293,FinServicio,296.28,,,0,2,292.94,296.28,0.00,3.35,3.35
296,Llegada,297.49,1.21,0,1,,,,,
296,InicioServicio,297.49,,,0,2,,,,,
296,FinServicio,298.58,,,0,2,297.49,298.58,0.00,1.09,1.09
297,Llegada,299.34,0.76,0,1,,,,,
297,InicioServicio,299.34,,,0,2,,,,,
298,Llegada,299.70,0.37,0,2,,,,,
298,InicioServicio,299.70,,,0,3,,,,,
299,Llegada,299.78,0.08,0,3,,,,,
299,InicioServicio,299.78,,,0,4,,,,,
299,FinServicio,300.02,,,0,4,299.78,300.02,0.00,0.24,0.24
300,Llegada,301.33,1.31,0,3,,,,,
300,InicioServicio,301.33,,,0,4,,,,,
301,Llegada,301.43,0.10,0,4,,,,,
301,InicioServicio,301.43,,,0,5,,,,,
302,Llegada,301.62,0.19,0,5,,,,,
298,FinServicio,302.24,,,1,5,299.70,302.24,0.00,2.54,2.54
302,InicioServicio,302.24,,,0,5,,,,,
295,FinServicio,302.30,,,0,5,295.94,302.30,0.00,6.36,6.36
302,FinServicio,303.67,,,0,4,302.24,303.67,0.63,1.42,2.05
300,FinServicio,303.99,,,0,3,301.33,303.99,0.00,2.67,2.67
303,Llegada,304.47,0.48,0,2,,,,,
303,InicioServicio,304.47,,,0,3,,,,,
304,Llegada,304.49,0.02,0,3,,,,,
304,InicioServicio,304.49,,,0,4,,,,,
303,FinServicio,305.49,,,0,4,304.47,305.49,0.00,1.01,1.01
305,Llegada,306.49,1.00,0,3,,,,,
305,InicioServicio,306.49,,,0,4,,,,,
306,Llegada,306.77,0.28,0,4,,,,,
306,InicioServicio,306.77,,,0,5,,,,,
304,FinServicio,307.23,,,0,5,304.49,307.23,0.00,2.73,2.73
307,Llegada,307.96,0.73,0,4,,,,,
307,InicioServicio,307.96,,,0,5,,,,,
307,FinServicio,308.31,,,0,5,307.96,308.31,0.00,0.35,0.35
308,Llegada,308.55,0.24,0,4,,,,,
308,InicioServicio,308.55,,,0,5,,,,,
306,FinServicio,308.59,,,0,5,306.77,308.59,0.00,1.82,1.82
309,Llegada,308.72,0.14,0,4,,,,,
309,InicioServicio,308.72,,,0,5,,,,,
310,Llegada,309.77,1.05,0,5,,,,,
297,FinServicio,310.04,,,1,5,299.34,310.04,0.00,10.70,10.70
310,InicioServicio,310.04,,,0,5,,,,,
311,Llegada,310.28,0.24,0,5,,,,,
308,FinServicio,310.45,,,1,5,308.55,310.45,0.00,1.90,1.90
311,InicioServicio,310.45,,,0,5,,,,,
312,Llegada,310.46,0.01,0,5,,,,,
313,Llegada,310.57,0.11,1,5,,,,,
314,Llegada,310.86,0.29,2,5,,,,,
301,FinServicio,312.37,,,3,5,301.43,312.37,0.00,10.94,10.94
312,InicioServicio,312.37,,,2,5,,,,,
315,Llegada,312.82,0.45,2,5,,,,,
312,FinServicio,313.19,,,3,5,312.37,313.19,1.90,0.82,2.73
313,InicioServicio,313.19,,,2,5,,,,,
313,FinServicio,313.40,,,2,5,313.19,313.40,2.62,0.21,2.83
314,InicioServicio,313.40,,,1,5,,,,,
309,FinServicio,313.78,,,1,5,308.72,313.78,0.00,5.05,5.05
315,InicioServicio,313.78,,,0,5,,,,,
316,Llegada,314.51,0.73,0,5,,,,,
317,Llegada,314.70,0.19,1,5,,,,,
310,FinServicio,315.04,,,2,5,310.04,315.04,0.27,5.00,5.26
316,InicioServicio,315.04,,,1,5,,,,,
318,Llegada,315.11,0.08,1,5,,,,,
319,Llegada,316.91,1.80,2,5,,,,,
315,FinServicio,317.10,,,3,5,313.78,317.10,0.96,3.32,4.28
317,InicioServicio,317.10,,,2,5,,,,,
320,Llegada,317.84,0.75,2,5,,,,,
305,FinServicio,318.18,,,3,5,306.49,318.18,0.00,11.70,11.70
318,InicioServicio,318.18,,,2,5,,,,,
321,Llegada,319.84,1.66,2,5,,,,,
322,Llegada,320.94,1.09,3,5,,,,,
317,FinServicio,321.08,,,4,5,317.10,321.08,2.39,3.99,6.38
319,InicioServicio,321.08,,,3,5,,,,,
319,FinServicio,322.99,,,3,5,321.08,322.99,4.17,1.91,6.08
320,InicioServicio,322.99,,,2,5,,,,,
316,FinServicio,323.04,,,2,5,315.04,323.04,0.53,8.00,8.53
321,InicioServicio,323.04,,,1,5,,,,,
320,FinServicio,323.16,,,1,5,322.99,323.16,5.15,0.17,5.32
322,InicioServicio,323.16,,,0,5,,,,,
322,FinServicio,323.53,,,0,5,323.16,323.53,2.23,0.36,2.59
323,Llegada,323.64,0.11,0,4,,,,,
323,InicioServicio,323.64,,,0,5,,,,,
324,Llegada,323.84,0.20,0,5,,,,,
323,FinServicio,324.76,,,1,5,323.64,324.76,0.00,1.13,1.13
324,InicioServicio,324.76,,,0,5,,,,,
324,FinServicio,324.94,,,0,5,324.76,324.94,0.92,0.18,1.10
325,Llegada,325.32,0.38,0,4,,,,,
325,InicioServicio,325.32,,,0,5,,,,,
311,FinServicio,325.33,,,0,5,310.45,325.33,0.18,14.87,15.05
321,FinServicio,327.06,,,0,4,323.04,327.06,3.20,4.02,7.22
325,FinServicio,327.89,,,0,3,325.32,327.89,0.00,2.57,2.57
326,Llegada,328.08,0.19,0,2,,,,,
326,InicioServicio,328.08,,,0,3,,,,,
314,FinServicio,328.19,,,0,3,313.40,328.19,2.54,14.78,17.32
327,Llegada,329.23,1.04,0,2,,,,,
327,InicioServicio,329.23,,,0,3,,,,,
328,Llegada,329.32,0.10,0,3,,,,,
328,InicioServicio,329.32,,,0,4,,,,,
329,Llegada,330.29,0.96,0,4,,,,,
329,InicioServicio,330.29,,,0,5,,,,,
326,FinServicio,330.53,,,0,5,328.08,330.53,0.00,2.45,2.45
328,FinServicio,330.78,,,0,4,329.32,330.78,0.00,1.45,1.45
318,FinServicio,331.60,,,0,3,318.18,331.60,3.07,13.42,16.49
330,Llegada,331.92,0.31,0,2,,,,,
330,InicioServicio,331.92,,,0,3,,,,,
329,FinServicio,331.99,,,0,3,330.29,331.99,0.00,1.70,1.70
330,FinServicio,334.73,,,0,2,331.92,334.73,0.00,2.81,2.81
331,Llegada,335.10,0.37,0,1,,,,,
331,InicioServicio,335.10,,,0,2,,,,,
332,Llegada,335.43,0.33,0,2,,,,,
332,InicioServicio,335.43,,,0,3,,,,,
327,FinServicio,336.04,,,0,3,329.23,336.04,0.00,6.82,6.82
333,Llegada,336.24,0.19,0,2,,,,,
333,InicioServicio,336.24,,,0,3,,,,,
334,Llegada,336.49,0.25,0,3,,,,,
334,InicioServicio,336.49,,,0,4,,,,,
333,FinServicio,336.67,,,0,4,336.24,336.67,0.00,0.43,0.43
335,Llegada,337.29,0.62,0,3,,,,,
335,InicioServicio,337.29,,,0,4,,,,,
331,FinServicio,337.37,,,0,4,335.10,337.37,0.00,2.26,2.26
336,Llegada,339.22,1.86,0,3,,,,,
336,InicioServicio,339.22,,,0,4,,,,,
332,FinServicio,340.72,,,0,4,335.43,340.72,0.00,5.29,5.29
336,FinServicio,340.84,,,0,3,339.22,340.84,0.00,1.61,1.61
337,Llegada,341.55,0.72,0,2,,,,,
337,InicioServicio,341.55,,,0,3,,,,,
338,Llegada,341.71,0.16,0,3,,,,,
338,InicioServicio,341.71,,,0,4,,,,,
334,FinServicio,341.80,,,0,4,336.49,341.80,0.00,5.31,5.31
339,Llegada,341.88,0.08,0,3,,,,,
339,InicioServicio,341.88,,,0,4,,,,,
340,Llegada,342.03,0.15,0,4,,,,,
340,InicioServicio,342.03,,,0,5,,,,,
338,FinServicio,342.36,,,0,5,341.71,342.36,0.00,0.64,0.64
341,Llegada,342.80,0.44,0,4,,,,,
341,InicioServicio,342.80,,,0,5,,,,,
342,Llegada,343.29,0.49,0,5,,,,,
340,FinServicio,343.69,,,1,5,342.03,343.69,0.00,1.66,1.66
342,InicioServicio,343.69,,,0,5,,,,,
342,FinServicio,344.52,,,0,5,343.69,344.52,0.40,0.84,1.23
337,FinServicio,345.38,,,0,4,341.55,345.38,0.00,3.83,3.83
341,FinServicio,345.55,,,0,3,342.80,345.55,0.00,2.75,2.75
335,FinServicio,346.08,,,0,2,337.29,346.08,0.00,8.79,8.79
343,Llegada,346.62,0.53,0,1,,,,,
343,InicioServicio,346.62,,,0,2,,,,,
339,FinServicio,347.66,,,0,2,341.88,347.66,0.00,5.77,5.77
344,Llegada,347.75,0.09,0,1,,,,,
344,InicioServicio,347.75,,,0,2,,,,,
345,Llegada,347.85,0.10,0,2,,,,,
345,InicioServicio,347.85,,,0,3,,,,,
346,Llegada,348.09,0.24,0,3,,,,,
346,InicioServicio,348.09,,,0,4,,,,,
347,Llegada,348.61,0.52,0,4,,,,,
347,InicioServicio,348.61,,,0,5,,,,,
348,Llegada,349.06,0.44,0,5,,,,,
343,FinServicio,349.09,,,1,5,346.62,349.09,0.00,2.47,2.47
348,InicioServicio,349.09,,,0,5,,,,,
346,FinServicio,349.20,,,0,5,348.09,349.20,0.00,1.11,1.11
349,Llegada,349.45,0.25,0,4,,,,,
349,InicioServicio,349.45,,,0,5,,,,,
347,FinServicio,349.93,,,0,5,348.61,349.93,0.00,1.32,1.32
350,Llegada,350.09,0.16,0,4,,,,,
350,InicioServicio,350.09,,,0,5,,,,,
349,FinServicio,350.16,,,0,5,349.45,350.16,0.00,0.71,0.71
344,FinServicio,350.44,,,0,4,347.75,350.44,0.00,2.69,2.69
351,Llegada,351.46,1.02,0,3,,,,,
351,InicioServicio,351.46,,,0,4,,,,,
352,Llegada,351.58,0.12,0,4,,,,,
352,InicioServicio,351.58,,,0,5,,,,,
353,Llegada,352.23,0.65,0,5,,,,,
354,Llegada,352.29,0.06,1,5,,,,,
355,Llegada,352.37,0.08,2,5,,,,,
345,FinServicio,353.00,,,3,5,347.85,353.00,0.00,5.15,5.15
353,InicioServicio,353.00,,,2,5,,,,,
356,Llegada,353.20,0.20,2,5,,,,,
357,Llegada,353.63,0.43,3,5,,,,,
348,FinServicio,353.68,,,4,5,349.09,353.68,0.03,4.59,4.62
354,InicioServicio,353.68,,,3,5,,,,,
358,Llegada,353.78,0.11,3,5,,,,,
359,Llegada,354.42,0.64,4,5,,,,,
351,FinServicio,354.65,,,5,5,351.46,354.65,0.00,3.19,3.19
355,InicioServicio,354.65,,,4,5,,,,,
360,Llegada,355.01,0.36,4,5,,,,,
361,Llegada,355.71,0.71,5,5,,,,,
354,FinServicio,356.86,,,6,5,353.68,356.86,1.38,3.18,4.56
356,InicioServicio,356.86,,,5,5,,,,,
350,FinServicio,357.17,,,5,5,350.09,357.17,0.00,7.08,7.08
357,InicioServicio,357.17,,,4,5,,,,,
362,Llegada,357.28,0.11,4,5,,,,,
357,FinServicio,358.22,,,5,5,357.17,358.22,3.54,1.04,4.58
358,InicioServicio,358.22,,,4,5,,,,,
356,FinServicio,359.28,,,4,5,356.86,359.28,3.65,2.43,6.08
359,InicioServicio,359.28,,,3,5,,,,,
363,Llegada,360.96,1.68,3,5,,,,,
358,FinServicio,361.38,,,4,5,358.22,361.38,4.43,3.17,7.60
360,InicioServicio,361.38,,,3,5,,,,,
364,Llegada,361.44,0.06,3,5,,,,,
359,FinServicio,361.89,,,4,5,359.28,361.89,4.86,2.61,7.47
361,InicioServicio,361.89,,,3,5,,,,,
361,FinServicio,362.09,,,3,5,361.89,362.09,6.18,0.19,6.37
362,InicioServicio,362.09,,,2,5,,,,,
365,Llegada,362.18,0.10,2,5,,,,,
355,FinServicio,362.51,,,3,5,354.65,362.51,2.28,7.86,10.14
363,InicioServicio,362.51,,,2,5,,,,,
363,FinServicio,362.52,,,2,5,362.51,362.52,1.55,0.02,1.56
364,InicioServicio,362.52,,,1,5,,,,,
362,FinServicio,362.63,,,1,5,362.09,362.63,4.81,0.54,5.35
365,InicioServicio,362.63,,,0,5,,,,,
353,FinServicio,362.88,,,0,5,353.00,362.88,0.76,9.89,10.65
365,FinServicio,363.15,,,0,4,362.63,363.15,0.45,0.52,0.96
366,Llegada,363.17,0.03,0,3,,,,,
366,InicioServicio,363.17,,,0,4,,,,,
352,FinServicio,363.71,,,0,4,351.58,363.71,0.00,12.13,12.13
366,FinServicio,363.75,,,0,3,363.17,363.75,0.00,0.58,0.58
367,Llegada,363.97,0.22,0,2,,,,,
367,InicioServicio,363.97,,,0,3,,,,,
368,Llegada,364.49,0.52,0,3,,,,,
368,InicioServicio,364.49,,,0,4,,,,,
369,Llegada,364.62,0.13,0,4,,,,,
369,InicioServicio,364.62,,,0,5,,,,,
370,Llegada,366.68,2.06,0,5,,,,,
371,Llegada,366.69,0.01,1,5,,,,,
372,Llegada,368.50,1.80,2,5,,,,,
364,FinServicio,368.72,,,3,5,362.52,368.72,1.09,6.20,7.28
370,InicioServicio,368.72,,,2,5,,,,,
360,FinServicio,369.14,,,2,5,361.38,369.14,6.37,7.76,14.13
371,InicioServicio,369.14,,,1,5,,,,,
373,Llegada,369.22,0.08,1,5,,,,,
374,Llegada,370.43,1.22,2,5,,,,,
368,FinServicio,370.63,,,3,5,364.49,370.63,0.00,6.14,6.14
372,InicioServicio,370.63,,,2,5,,,,,
375,Llegada,370.70,0.07,2,5,,,,,
369,FinServicio,372.01,,,3,5,364.62,372.01,0.00,7.39,7.39
373,InicioServicio,372.01,,,2,5,,,,,
376,Llegada,372.07,0.07,2,5,,,,,
377,Llegada,372.19,0.12,3,5,,,,,
378,Llegada,372.80,0.60,4,5,,,,,
373,FinServicio,373.11,,,5,5,372.01,373.11,2.79,1.10,3.89
374,InicioServicio,373.11,,,4,5,,,,,
374,FinServicio,373.18,,,4,5,373.11,373.18,2.68,0.07,2.75
375,InicioServicio,373.18,,,3,5,,,,,
375,FinServicio,373.42,,,3,5,373.18,373.42,2.48,0.24,2.72
376,InicioServicio,373.42,,,2,5,,,,,
370,FinServicio,373.63,,,2,5,368.72,373.63,2.04,4.91,6.95
377,InicioServicio,373.63,,,1,5,,,,,
379,Llegada,373.67,0.04,1,5,,,,,
376,FinServicio,374.76,,,2,5,373.42,374.76,1.35,1.33,2.68
378,InicioServicio,374.76,,,1,5,,,,,
380,Llegada,374.77,0.01,1,5,,,,,
381,Llegada,376.29,1.52,2,5,,,,,
372,FinServicio,377.39,,,3,5,370.63,377.39,2.13,6.76,8.89
379,InicioServicio,377.39,,,2,5,,,,,
382,Llegada,377.46,0.07,2,5,,,,,
383,Llegada,377.73,0.27,3,5,,,,,
384,Llegada,377.73,0.00,4,5,,,,,
371,FinServicio,377.90,,,5,5,369.14,377.90,2.45,8.76,11.21
380,InicioServicio,377.90,,,4,5,,,,,
385,Llegada,378.16,0.26,4,5,,,,,
386,Llegada,378.20,0.04,5,5,,,,,
387,Llegada,378.39,0.18,6,5,,,,,
388,Llegada,379.02,0.64,7,5,,,,,
380,FinServicio,379.68,,,8,5,377.90,379.68,3.13,1.78,4.91
381,InicioServicio,379.68,,,7,5,,,,,
381,FinServicio,379.91,,,7,5,379.68,379.91,3.39,0.23,3.62
382,InicioServicio,379.91,,,6,5,,,,,
378,FinServicio,380.27,,,6,5,374.76,380.27,1.96,5.52,7.48
383,InicioServicio,380.27,,,5,5,,,,,
379,FinServicio,380.73,,,5,5,377.39,380.73,3.71,3.35,7.06
384,InicioServicio,380.73,,,4,5,,,,,
382,FinServicio,380.90,,,4,5,379.91,380.90,2.45,0.99,3.44
385,InicioServicio,380.90,,,3,5,,,,,
389,Llegada,381.01,0.11,3,5,,,,,
390,Llegada,381.39,0.38,4,5,,,,,
391,Llegada,381.69,0.30,5,5,,,,,
392,Llegada,382.04,0.35,6,5,,,,,
393,Llegada,382.14,0.10,7,5,,,,,
383,FinServicio,382.69,,,8,5,380.27,382.69,2.54,2.41,4.95
386,InicioServicio,382.69,,,7,5,,,,,
386,FinServicio,383.30,,,7,5,382.69,383.30,4.48,0.62,5.10
387,InicioServicio,383.30,,,6,5,,,,,
394,Llegada,383.32,0.02,6,5,,,,,
367,FinServicio,383.34,,,7,5,363.97,383.34,0.00,19.37,19.37
388,InicioServicio,383.34,,,6,5,,,,,
395,Llegada,384.70,1.36,6,5,,,,,
385,FinServicio,385.01,,,7,5,380.90,385.01,2.74,4.10,6.84
389,InicioServicio,385.01,,,6,5,,,,,
377,FinServicio,385.32,,,6,5,373.63,385.32,1.44,11.69,13.12
390,InicioServicio,385.32,,,5,5,,,,,
389,FinServicio,385.60,,,5,5,385.01,385.60,3.99,0.59,4.58
391,InicioServicio,385.60,,,4,5,,,,,
390,FinServicio,385.85,,,4,5,385.32,385.85,3.92,0.53,4.46
392,InicioServicio,385.85,,,3,5,,,,,
388,FinServicio,386.26,,,3,5,383.34,386.26,4.31,2.92,7.24
393,InicioServicio,386.26,,,2,5,,,,,
393,FinServicio,386.67,,,2,5,386.26,386.67,4.12,0.41,4.53
394,InicioServicio,386.67,,,1,5,,,,,
396,Llegada,387.18,0.51,1,5,,,,,
387,FinServicio,387.24,,,2,5,383.30,387.24,4.92,3.93,8.85
395,InicioServicio,387.24,,,1,5,,,,,
384,FinServicio,388.63,,,1,5,380.73,388.63,3.00,7.90,10.90
396,InicioServicio,388.63,,,0,5,,,,,
397,Llegada,389.35,0.72,0,5,,,,,
398,Llegada,389.43,0.08,1,5,,,,,
391,FinServicio,389.84,,,2,5,385.60,389.84,3.91,4.24,8.15
397,InicioServicio,389.84,,,1,5,,,,,
395,FinServicio,389.86,,,1,5,387.24,389.86,2.54,2.62,5.16
398,InicioServicio,389.86,,,0,5,,,,,
392,FinServicio,389.91,,,0,5,385.85,389.91,3.81,4.06,7.87
397,FinServicio,390.51,,,0,4,389.84,390.51,0.49,0.67,1.16
394,FinServicio,391.06,,,0,3,386.67,391.06,3.35,4.39,7.74
399,Llegada,392.59,1.53,0,2,,,,,
399,InicioServicio,392.59,,,0,3,,,,,
400,Llegada,393.15,0.56,0,3,,,,,
400,InicioServicio,393.15,,,0,4,,,,,
396,FinServicio,393.38,,,0,4,388.63,393.38,1.46,4.74,6.20
398,FinServicio,394.06,,,0,3,389.86,394.06,0.43,4.21,4.63
401,Llegada,394.25,0.18,0,2,,,,,
401,InicioServicio,394.25,,,0,3,,,,,
402,Llegada,394.34,0.09,0,3,,,,,
402,InicioServicio,394.34,,,0,4,,,,,
399,FinServicio,394.43,,,0,4,392.59,394.43,0.00,1.84,1.84
403,Llegada,395.41,0.98,0,3,,,,,
403,InicioServicio,395.41,,,0,4,,,,,
404,Llegada,395.51,0.10,0,4,,,,,
404,InicioServicio,395.51,,,0,5,,,,,
402,FinServicio,396.05,,,0,5,394.34,396.05,0.00,1.72,1.72
400,FinServicio,396.43,,,0,4,393.15,396.43,0.00,3.28,3.28
403,FinServicio,397.09,,,0,3,395.41,397.09,0.00,1.68,1.68
405,Llegada,397.61,0.52,0,2,,,,,
405,InicioServicio,397.61,,,0,3,,,,,
405,FinServicio,398.38,,,0,3,397.61,398.38,0.00,0.77,0.77
406,Llegada,398.99,0.61,0,2,,,,,
406,InicioServicio,398.99,,,0,3,,,,,
407,Llegada,399.24,0.25,0,3,,,,,
407,InicioServicio,399.24,,,0,4,,,,,
408,Llegada,399.54,0.30,0,4,,,,,
408,InicioServicio,399.54,,,0,5,,,,,
404,FinServicio,399.82,,,0,5,395.51,399.82,0.00,4.31,4.31
409,Llegada,399.93,0.12,0,4,,,,,
409,InicioServicio,399.93,,,0,5,,,,,
410,Llegada,400.05,0.12,0,5,,,,,
406,FinServicio,400.97,,,1,5,398.99,400.97,0.00,1.98,1.98
410,InicioServicio,400.97,,,0,5,,,,,
407,FinServicio,401.48,,,0,5,399.24,401.48,0.00,2.24,2.24
411,Llegada,401.50,0.02,0,4,,,,,
411,InicioServicio,401.50,,,0,5,,,,,
410,FinServicio,401.57,,,0,5,400.97,401.57,0.92,0.60,1.52
412,Llegada,402.53,0.95,0,4,,,,,
412,InicioServicio,402.53,,,0,5,,,,,
413,Llegada,403.86,1.33,0,5,,,,,
414,Llegada,403.96,0.10,1,5,,,,,
415,Llegada,404.78,0.82,2,5,,,,,
408,FinServicio,404.82,,,3,5,399.54,404.82,0.00,5.28,5.28
413,InicioServicio,404.82,,,2,5,,,,,
416,Llegada,404.93,0.11,2,5,,,,,
401,FinServicio,405.03,,,3,5,394.25,405.03,0.00,10.79,10.79
414,InicioServicio,405.03,,,2,5,,,,,
417,Llegada,406.70,1.67,2,5,,,,,
411,FinServicio,407.40,,,3,5,401.50,407.40,0.00,5.90,5.90
415,InicioServicio,407.40,,,2,5,,,,,
413,FinServicio,407.80,,,2,5,404.82,407.80,0.97,2.98,3.94
416,InicioServicio,407.80,,,1,5,,,,,
414,FinServicio,408.01,,,1,5,405.03,408.01,1.07,2.98,4.05
417,InicioServicio,408.01,,,0,5,,,,,
418,Llegada,408.83,0.82,0,5,,,,,
412,FinServicio,409.83,,,1,5,402.53,409.83,0.00,7.31,7.31
418,InicioServicio,409.83,,,0,5,,,,,
419,Llegada,410.10,0.27,0,5,,,,,
416,FinServicio,410.14,,,1,5,407.80,410.14,2.87,2.34,5.21
419,InicioServicio,410.14,,,0,5,,,,,
420,Llegada,410.18,0.04,0,5,,,,,
418,FinServicio,410.34,,,1,5,409.83,410.34,1.01,0.51,1.51
420,InicioServicio,410.34,,,0,5,,,,,
417,FinServicio,410.46,,,0,5,408.01,410.46,1.31,2.45,3.76
421,Llegada,410.57,0.11,0,4,,,,,
421,InicioServicio,410.57,,,0,5,,,,,
415,FinServicio,411.40,,,0,5,407.40,411.40,2.62,4.00,6.62
419,FinServicio,411.55,,,0,4,410.14,411.55,0.04,1.41,1.45
422,Llegada,412.25,0.70,0,3,,,,,
422,InicioServicio,412.25,,,0,4,,,,,
423,Llegada,412.30,0.05,0,4,,,,,
423,InicioServicio,412.30,,,0,5,,,,,
422,FinServicio,413.09,,,0,5,412.25,413.09,0.00,0.84,0.84
424,Llegada,413.56,0.47,0,4,,,,,
424,InicioServicio,413.56,,,0,5,,,,,
420,FinServicio,413.61,,,0,5,410.34,413.61,0.16,3.27,3.42
423,FinServicio,414.31,,,0,4,412.30,414.31,0.00,2.01,2.01
425,Llegada,414.99,0.68,0,3,,,,,
425,InicioServicio,414.99,,,0,4,,,,,
426,Llegada,415.48,0.49,0,4,,,,,
426,InicioServicio,415.48,,,0,5,,,,,
426,FinServicio,415.56,,,0,5,415.48,415.56,0.00,0.07,0.07
421,FinServicio,415.61,,,0,4,410.57,415.61,0.00,5.04,5.04
424,FinServicio,415.69,,,0,3,413.56,415.69,0.00,2.14,2.14
427,Llegada,415.81,0.12,0,2,,,,,
427,InicioServicio,415.81,,,0,3,,,,,
428,Llegada,416.15,0.34,0,3,,,,,
428,InicioServicio,416.15,,,0,4,,,,,
429,Llegada,416.37,0.22,0,4,,,,,
429,InicioServicio,416.37,,,0,5,,,,,
430,Llegada,416.63,0.26,0,5,,,,,
431,Llegada,418.95,2.31,1,5,,,,,
409,FinServicio,419.64,,,2,5,399.93,419.64,0.00,19.71,19.71
430,InicioServicio,419.64,,,1,5,,,,,
432,Llegada,421.75,2.11,1,5,,,,,
433,Llegada,422.25,0.50,2,5,,,,,
425,FinServicio,422.98,,,3,5,414.99,422.98,0.00,7.99,7.99
431,InicioServicio,422.98,,,2,5,,,,,
434,Llegada,423.15,0.18,2,5,,,,,
435,Llegada,423.94,0.78,3,5,,,,,
429,FinServicio,425.02,,,4,5,416.37,425.02,0.00,8.65,8.65
432,InicioServicio,425.02,,,3,5,,,,,
427,FinServicio,425.05,,,3,5,415.81,425.05,0.00,9.24,9.24
433,InicioServicio,425.05,,,2,5,,,,,
430,FinServicio,425.15,,,2,5,419.64,425.15,3.01,5.50,8.52
434,InicioServicio,425.15,,,1,5,,,,,
436,Llegada,425.36,0.21,1,5,,,,,
437,Llegada,425.67,0.31,2,5,,,,,
434,FinServicio,426.02,,,3,5,425.15,426.02,2.00,0.87,2.87
435,InicioServicio,426.02,,,2,5,,,,,
435,FinServicio,426.28,,,2,5,426.02,426.28,2.09,0.26,2.34
436,InicioServicio,426.28,,,1,5,,,,,
438,Llegada,426.99,0.71,1,5,,,,,
436,FinServicio,427.88,,,2,5,426.28,427.88,0.92,1.60,2.52
437,InicioServicio,427.88,,,1,5,,,,,
433,FinServicio,429.87,,,1,5,425.05,429.87,2.81,4.82,7.63
438,InicioServicio,429.87,,,0,5,,,,,
439,Llegada,430.31,0.44,0,5,,,,,
432,FinServicio,431.58,,,1,5,425.02,431.58,3.27,6.56,9.83
439,InicioServicio,431.58,,,0,5,,,,,
428,FinServicio,431.84,,,0,5,416.15,431.84,0.00,15.69,15.69
440,Llegada,431.87,0.03,0,4,,,,,
440,InicioServicio,431.87,,,0,5,,,,,
441,Llegada,432.01,0.14,0,5,,,,,
437,FinServicio,432.80,,,1,5,427.88,432.80,2.22,4.92,7.14
441,InicioServicio,432.80,,,0,5,,,,,
439,FinServicio,432.85,,,0,5,431.58,432.85,1.28,1.26,2.54
441,FinServicio,432.85,,,0,4,432.80,432.85,0.79,0.05,0.84
442,Llegada,432.95,0.09,0,3,,,,,
442,InicioServicio,432.95,,,0,4,,,,,
431,FinServicio,433.75,,,0,4,422.98,433.75,4.03,10.78,14.81
443,Llegada,435.80,2.05,0,3,,,,,
443,InicioServicio,435.80,,,0,4,,,,,
442,FinServicio,435.93,,,0,4,432.95,435.93,0.00,2.98,2.98
444,Llegada,435.94,0.02,0,3,,,,,
444,InicioServicio,435.94,,,0,4,,,,,
445,Llegada,436.79,0.85,0,4,,,,,
445,InicioServicio,436.79,,,0,5,,,,,
446,Llegada,436.92,0.13,0,5,,,,,
447,Llegada,438.56,1.64,1,5,,,,,
448,Llegada,438.58,0.02,2,5,,,,,
449,Llegada,439.18,0.60,3,5,,,,,
443,FinServicio,439.45,,,4,5,435.80,439.45,0.00,3.65,3.65
446,InicioServicio,439.45,,,3,5,,,,,
450,Llegada,439.86,0.42,3,5,,,,,
451,Llegada,440.17,0.31,4,5,,,,,
446,FinServicio,440.62,,,5,5,439.45,440.62,2.52,1.17,3.69
447,InicioServicio,440.62,,,4,5,,,,,
452,Llegada,440.92,0.30,4,5,,,,,
445,FinServicio,441.02,,,5,5,436.79,441.02,0.00,4.23,4.23
448,InicioServicio,441.02,,,4,5,,,,,
438,FinServicio,442.02,,,4,5,429.87,442.02,2.89,12.15,15.04
449,InicioServicio,442.02,,,3,5,,,,,
453,Llegada,442.63,0.61,3,5,,,,,
448,FinServicio,442.66,,,4,5,441.02,442.66,2.44,1.63,4.08
450,InicioServicio,442.66,,,3,5,,,,,
440,FinServicio,442.82,,,3,5,431.87,442.82,0.00,10.95,10.95
451,InicioServicio,442.82,,,2,5,,,,,
450,FinServicio,443.47,,,2,5,442.66,443.47,2.79,0.81,3.60
452,InicioServicio,443.47,,,1,5,,,,,
447,FinServicio,443.82,,,1,5,440.62,443.82,2.05,3.20,5.26
453,InicioServicio,443.82,,,0,5,,,,,
449,FinServicio,443.82,,,0,5,442.02,443.82,2.84,1.80,4.65
444,FinServicio,443.82,,,0,4,435.94,443.82,0.00,7.88,7.88
454,Llegada,444.14,0.32,0,3,,,,,
454,InicioServicio,444.14,,,0,4,,,,,
452,FinServicio,445.10,,,0,4,443.47,445.10,2.55,1.63,4.18
455,Llegada,445.82,0.72,0,3,,,,,
455,InicioServicio,445.82,,,0,4,,,,,
451,FinServicio,445.86,,,0,4,442.82,445.86,2.66,3.04,5.70
454,FinServicio,446.69,,,0,3,444.14,446.69,0.00,2.55,2.55
456,Llegada,448.29,1.61,0,2,,,,,
456,InicioServicio,448.29,,,0,3,,,,,
457,Llegada,449.38,1.08,0,3,,,,,
457,InicioServicio,449.38,,,0,4,,,,,
456,FinServicio,450.03,,,0,4,448.29,450.03,0.00,1.73,1.73
458,Llegada,450.35,0.32,0,3,,,,,
458,InicioServicio,450.35,,,0,4,,,,,
459,Llegada,451.94,1.59,0,4,,,,,
459,InicioServicio,451.94,,,0,5,,,,,
460,Llegada,451.99,0.05,0,5,,,,,
461,Llegada,452.00,0.01,1,5,,,,,
455,FinServicio,452.24,,,2,5,445.82,452.24,0.00,6.42,6.42
460,InicioServicio,452.24,,,1,5,,,,,
453,FinServicio,452.48,,,1,5,443.82,452.48,1.19,8.66,9.85
461,InicioServicio,452.48,,,0,5,,,,,
462,Llegada,452.60,0.12,0,5,,,,,
458,FinServicio,452.64,,,1,5,450.35,452.64,0.00,2.29,2.29
462,InicioServicio,452.64,,,0,5,,,,,
460,FinServicio,452.65,,,0,5,452.24,452.65,0.25,0.40,0.65
462,FinServicio,452.79,,,0,4,452.64,452.79,0.04,0.15,0.19
459,FinServicio,453.34,,,0,3,451.94,453.34,0.00,1.39,1.39
457,FinServicio,453.95,,,0,2,449.38,453.95,0.00,4.57,4.57
463,Llegada,457.12,3.17,0,1,,,,,
463,InicioServicio,457.12,,,0,2,,,,,
464,Llegada,459.10,1.99,0,2,,,,,
464,InicioServicio,459.10,,,0,3,,,,,
465,Llegada,460.12,1.02,0,3,,,,,
465,InicioServicio,460.12,,,0,4,,,,,
466,Llegada,461.94,1.82,0,4,,,,,
466,InicioServicio,461.94,,,0,5,,,,,
467,Llegada,463.46,1.53,0,5,,,,,
461,FinServicio,463.75,,,1,5,452.48,463.75,0.48,11.27,11.76
467,InicioServicio,463.75,,,0,5,,,,,
466,FinServicio,463.82,,,0,5,461.94,463.82,0.00,1.88,1.88
465,FinServicio,464.11,,,0,4,460.12,464.11,0.00,3.99,3.99
468,Llegada,465.62,1.50,0,3,,,,,
468,InicioServicio,465.62,,,0,4,,,,,
464,FinServicio,466.82,,,0,4,459.10,466.82,0.00,7.72,7.72
468,FinServicio,467.41,,,0,3,465.62,467.41,0.00,1.79,1.79
463,FinServicio,467.75,,,0,2,457.12,467.75,0.00,10.63,10.63
467,FinServicio,467.99,,,0,1,463.75,467.99,0.29,4.23,4.52
469,Llegada,470.21,2.22,0,0,,,,,
469,InicioServicio,470.21,,,0,1,,,,,
470,Llegada,470.62,0.42,0,1,,,,,
470,InicioServicio,470.62,,,0,2,,,,,
471,Llegada,471.43,0.80,0,2,,,,,
471,InicioServicio,471.43,,,0,3,,,,,
472,Llegada,473.44,2.01,0,3,,,,,
472,InicioServicio,473.44,,,0,4,,,,,
470,FinServicio,473.77,,,0,4,470.62,473.77,0.00,3.14,3.14
473,Llegada,474.03,0.26,0,3,,,,,
473,InicioServicio,474.03,,,0,4,,,,,
474,Llegada,474.30,0.27,0,4,,,,,
474,InicioServicio,474.30,,,0,5,,,,,
475,Llegada,474.70,0.39,0,5,,,,,
476,Llegada,474.70,0.00,1,5,,,,,
473,FinServicio,474.88,,,2,5,474.03,474.88,0.00,0.86,0.86
475,InicioServicio,474.88,,,1,5,,,,,
477,Llegada,475.11,0.23,1,5,,,,,
478,Llegada,475.28,0.17,2,5,,,,,
469,FinServicio,475.65,,,3,5,470.21,475.65,0.00,5.45,5.45
476,InicioServicio,475.65,,,2,5,,,,,
476,FinServicio,475.75,,,2,5,475.65,475.75,0.96,0.09,1.05
477,InicioServicio,475.75,,,1,5,,,,,
477,FinServicio,475.98,,,1,5,475.75,475.98,0.63,0.23,0.86
478,InicioServicio,475.98,,,0,5,,,,,
474,FinServicio,476.03,,,0,5,474.30,476.03,0.00,1.73,1.73
479,Llegada,477.05,1.03,0,4,,,,,
479,InicioServicio,477.05,,,0,5,,,,,
480,Llegada,477.43,0.38,0,5,,,,,
481,Llegada,477.56,0.13,1,5,,,,,
472,FinServicio,477.65,,,2,5,473.44,477.65,0.00,4.21,4.21
480,InicioServicio,477.65,,,1,5,,,,,
482,Llegada,477.78,0.13,1,5,,,,,
483,Llegada,477.94,0.16,2,5,,,,,
471,FinServicio,478.17,,,3,5,471.43,478.17,0.00,6.75,6.75
481,InicioServicio,478.17,,,2,5,,,,,
478,FinServicio,478.31,,,2,5,475.98,478.31,0.69,2.34,3.03
482,InicioServicio,478.31,,,1,5,,,,,
475,FinServicio,478.81,,,1,5,474.88,478.81,0.19,3.92,4.11
483,InicioServicio,478.81,,,0,5,,,,,
484,Llegada,478.88,0.07,0,5,,,,,
485,Llegada,479.20,0.32,1,5,,,,,
486,Llegada,479.56,0.36,2,5,,,,,
481,FinServicio,481.35,,,3,5,478.17,481.35,0.61,3.17,3.79
484,InicioServicio,481.35,,,2,5,,,,,
482,FinServicio,481.85,,,2,5,478.31,481.85,0.53,3.53,4.06
485,InicioServicio,481.85,,,1,5,,,,,
485,FinServicio,481.92,,,1,5,481.85,481.92,2.65,0.07,2.72
486,InicioServicio,481.92,,,0,5,,,,,
483,FinServicio,482.01,,,0,5,478.81,482.01,0.87,3.20,4.06
484,FinServicio,482.56,,,0,4,481.35,482.56,2.47,1.22,3.68
486,FinServicio,483.95,,,0,3,481.92,483.95,2.36,2.03,4.38
480,FinServicio,486.83,,,0,2,477.65,486.83,0.22,9.18,9.40
479,FinServicio,487.24,,,0,1,477.05,487.24,0.00,10.18,10.18
